tip_id,tip,z_score,num_tippers,tippers
BRACKET-Haiti,r32,4.8,1,['Martin L']
BRACKET-Tunisia,r32,4.8,1,['BlueLaGoons']
GROUP-Argentina-Algeria,away,-4.8,1,['BlueLaGoons']
GROUP-England-Ghana,draw,-4.8,1,['Smith']
GROUP-New_Zealand-Belgium,draw,4.8,1,['Sherram']
GROUP-Portugal-DR_Congo,away,-4.8,1,"[""ESPN (Ryan O'Hanlon's tips)""]"
GROUP-Uruguay-Cape_Verde,draw,-4.8,1,['Martin L']
BRACKET-Scotland,quarter,4.356166354496553,1,['Tom (c66)']
GROUP-Panama-England,home,4.275672965785015,1,['Mikey']
BRACKET-South_Africa,r16,4.252885715484401,1,['Tom (c66)']
BRACKET-Austria,r16,4.177618722980621,1,['Jon']
BRACKET-Algeria,quarter,4.0714966500848595,1,['BlueLaGoons']
GROUP-Ecuador-Curaçao,away,-3.8935077995394627,1,['Albert']
BRACKET-Ghana,quarter,3.6432616513312976,1,['Smith']
GROUP-Argentina-Austria,away,-3.6,1,['BlueLaGoons']
GROUP-Austria-Jordan,away,-3.6,1,['Sherram']
GROUP-Haiti-Scotland,home,3.6,1,['Martin L']
BRACKET-Senegal,semi,3.598197315352455,1,['Smith']
GROUP-Czechia-South_Africa,away,-3.366405044974426,1,['Tom (c66)']
BRACKET-DR_Congo,r32,3.3226495451672307,2,"[""ESPN (Ryan O'Hanlon's tips)"", 'Jon']"
GROUP-Colombia-DR_Congo,draw,-3.32264954516723,2,"['Doug', 'Estevao']"
GROUP-Morocco-Haiti,draw,-3.32264954516723,2,"['Damian', 'Estevao']"
GROUP-Portugal-Uzbekistan,draw,-3.32264954516723,2,"['Downsy', 'Martin L']"
GROUP-Tunisia-Netherlands,home,3.32264954516723,2,"['BlueLaGoons', 'Tom (c66)']"
GROUP-Uzbekistan-Colombia,draw,3.32264954516723,2,"['Martin L', 'Tom (c66)']"
BRACKET-Jordan,r32,3.3226495451672298,2,"['Dave L', 'Sherram']"
BRACKET-Morocco,quarter,3.1176914536239795,2,"['Giuseppe', 'Kuba']"
GROUP-Brazil-Morocco,away,-3.1176914536239795,2,"['Claude (AI)', ""ESPN (Ryan O'Hanlon's tips)""]"
BRACKET-Czechia,quarter,3.059120002844906,1,['Luce']
BRACKET-Germany,final,3.053803249345689,2,"['Damian', 'Downsy']"
BRACKET-Ecuador,quarter,3.002143024316532,1,['Antoni Brdarovski']
GROUP-Curaçao-Ivory_Coast,home,2.947008621141803,2,"['Damian', 'Sherram']"
GROUP-Germany-Ivory_Coast,away,-2.947008621141803,2,"['BlueLaGoons', 'Damian']"
GROUP-Norway-France,home,2.8841550782619017,1,['BlueLaGoons']
BRACKET-Norway,third,2.837360098091506,2,"['BlueLaGoons', ""ESPN (Ryan O'Hanlon's tips)""]"
BRACKET-Saudi_Arabia,r16,2.8109437015016296,2,"['Dan', 'Sherram']"
GROUP-Belgium-Iran,away,-2.802527304422813,2,"['BlueLaGoons', 'Damian']"
BRACKET-Australia,semi,2.7551221060277564,1,['Sherram']
BRACKET-Paraguay,quarter,2.679414124178734,2,"['Mikey', 'Sherram']"
GROUP-England-Croatia,away,-2.6753779282231376,1,['Mikey']
BRACKET-Curaçao,r32,2.65329983228432,3,"['Albert', 'Damian', 'Tom (c66)']"
GROUP-France-Senegal,draw,-2.65329983228432,3,"['Haydos', 'Martin L', 'Smith']"
GROUP-Iraq-Norway,draw,2.65329983228432,3,"['Albert', 'Estevao', 'Sherram']"
GROUP-Qatar-Switzerland,draw,2.65329983228432,3,"['Downsy', 'Jon', 'Sherram']"
GROUP-Saudi_Arabia-Uruguay,draw,2.65329983228432,3,"['Albert', 'BlueLaGoons', 'Dan']"
BRACKET-Egypt,quarter,2.6349305252036945,1,['Doug']
GROUP-Czechia-Mexico,home,2.616340592361418,2,"['Doug', 'Haydos']"
BRACKET-Argentina,r32,-2.5944150875602623,1,['BlueLaGoons']
BRACKET-Mexico,quarter,2.5472094264251153,1,['Tamara']
BRACKET-Austria,group,-2.5358043672445443,1,['Albert']
BRACKET-Canada,quarter,2.533956695069214,2,"['Antoni Brdarovski', ""ESPN (Ryan O'Hanlon's tips)""]"
BRACKET-Croatia,quarter,2.469579626052127,1,['Mikey']
GROUP-Canada-Qatar,away,-2.4333349299097486,3,"['Damian', 'Downsy', 'Tom (c66)']"
BRACKET-Colombia,semi,2.409979253022731,1,['Downsy']
BRACKET-Switzerland,quarter,2.3707899867534286,1,['BlueLaGoons']
GROUP-Belgium-Egypt,away,-2.342857142857143,3,"['BlueLaGoons', 'Doug', 'Sherram']"
GROUP-Croatia-Ghana,away,-2.327015255644019,2,"['Sherram', 'Smith']"
GROUP-South_Africa-South_Korea,home,2.2857082853223853,3,"['Antoni Brdarovski', 'BlueLaGoons', 'Tom (c66)']"
GROUP-Japan-Sweden,away,-2.2657780120744397,2,"['Antoni Brdarovski', 'Kuba']"
BRACKET-Panama,r32,2.244994432064365,4,"['Albert', 'Damian', 'Mikey', 'Tom (c66)']"
BRACKET-Bosnia_and_Herz,r16,2.214717638115686,3,"['Giuseppe', 'Haydos', 'Mikey']"
BRACKET-Portugal,winner,2.209867775302693,2,"['Antoni Brdarovski', 'Tom (c66)']"
GROUP-Scotland-Morocco,home,2.168870673876153,2,"['Mikey', 'Tom (c66)']"
GROUP-South_Korea-Czechia,away,-2.168870673876153,2,"['Haydos', 'Luce']"
BRACKET-Netherlands,winner,2.1329838520538154,2,"['Albert', 'Tom (9a0)']"
GROUP-Iran-New_Zealand,away,-2.0856017149193025,2,"['Albert', 'Mikey']"
GROUP-Norway-Senegal,away,-2.076301528531725,2,"['Damian', 'MarcinC']"
GROUP-Switzerland-Canada,away,-2.0724145243614545,3,"['Adam B', 'BlueLaGoons', 'Doug']"
BRACKET-England,r32,-2.0402234190011916,1,['Mikey']
BRACKET-Portugal,group,-2.037535843527917,1,"[""ESPN (Ryan O'Hanlon's tips)""]"
GROUP-Panama-England,draw,2.001378835048305,1,['Albert']
BRACKET-Mexico,r32,-2.0013788350483046,4,"['BlueLaGoons', 'Dan', 'Martin L', 'Tom (9a0)']"
BRACKET-Spain,quarter,-1.999457742290824,2,"['Albert', 'Haydos']"
BRACKET-Ivory_Coast,r16,1.9977037000366211,4,"['BlueLaGoons', 'Estevao', 'Kuba', 'Martin L']"
BRACKET-Qatar,r32,1.9595917942265428,5,"['BlueLaGoons', 'Damian', 'Downsy', 'Sherram', 'Tom (c66)']"
GROUP-Netherlands-Sweden,draw,-1.9595917942265426,5,"['Antoni Brdarovski', 'Damian', 'Dave L', 'Giuseppe', 'Jon']"
GROUP-Sweden-Tunisia,draw,-1.9595917942265426,5,"['Downsy', 'Estevao', 'Jon', 'MarcinC', 'Martin L']"
GROUP-Tunisia-Japan,draw,1.9595917942265426,5,"['BlueLaGoons', 'Dave L', 'Doug', 'Estevao', 'Luce']"
GROUP-Uruguay-Spain,draw,1.9595917942265426,5,"['Albert', 'Doug', 'Downsy', 'Estevao', 'Smith']"
BRACKET-Sweden,r16,1.9571634633133814,4,"['Adam B', 'Antoni Brdarovski', 'Doug', 'Luce']"
BRACKET-Iran,r16,1.9464454372484128,4,"['BlueLaGoons', 'Dan', ""ESPN (Ryan O'Hanlon's tips)"", 'Tom (c66)']"
GROUP-Mexico-South_Korea,away,-1.9428571428571428,3,"['Albert', 'Sherram', 'Tom (9a0)']"
BRACKET-Ghana,r16,1.9369757524312892,1,['BlueLaGoons']
GROUP-New_Zealand-Egypt,home,1.9213759114911448,4,"['Claude (AI)', ""ESPN (Ryan O'Hanlon's tips)"", 'Mikey', 'Sherram']"
GROUP-Cape_Verde-Saudi_Arabia,home,1.8872570387826832,3,"['Claude (AI)', 'Damian', ""ESPN (Ryan O'Hanlon's tips)""]"
GROUP-Egypt-Iran,away,-1.8693703363821341,3,"['Downsy', 'Sherram', 'Tamara']"
BRACKET-Belgium,r32,-1.8478052485186858,2,"['Damian', 'Sherram']"
GROUP-Türkiye-USA,away,-1.833030277982336,4,"['Downsy', 'Luce', 'Mikey', 'Tamara']"
GROUP-USA-Paraguay,away,-1.833030277982336,4,"['Albert', 'BlueLaGoons', 'Damian', 'Sherram']"
BRACKET-Belgium,semi,1.7991787946102993,3,"['Albert', 'BlueLaGoons', 'Haydos']"
GROUP-Ecuador-Curaçao,draw,-1.7774709519636678,2,"['Kuba', 'Tom (c66)']"
BRACKET-South_Korea,quarter,1.745355988235753,3,"['Damian', 'Downsy', 'Martin L']"
BRACKET-Brazil,winner,1.7441660150200125,3,"['Damian', 'Downsy', 'Estevao']"
BRACKET-New_Zealand,r32,1.7435595774162698,6,"['Albert', 'Claude (AI)', 'Dave L', ""ESPN (Ryan O'Hanlon's tips)"", 'Mikey', 'Sherram']"
BRACKET-Uzbekistan,r32,1.7435595774162698,6,"['Dan', 'Downsy', ""ESPN (Ryan O'Hanlon's tips)"", 'Martin L', 'Tamara', 'Tom (c66)']"
GROUP-Switzerland-Bosnia_&_Herz.,draw,-1.7435595774162695,6,"['Giuseppe', 'Haydos', 'Jon', 'Kuba', 'Luce', 'MarcinC']"
BRACKET-Spain,winner,1.730873866460714,4,"['Adam B', ""ESPN (Ryan O'Hanlon's tips)"", 'Mikey', 'Tamara']"
GROUP-Türkiye-Paraguay,away,-1.7146428199482247,5,"['Albert', 'Claude (AI)', ""ESPN (Ryan O'Hanlon's tips)"", 'Mikey', 'Sherram']"
GROUP-USA-Australia,home,1.7146428199482247,5,"['Downsy', 'Estevao', 'Giuseppe', 'Jon', 'Kuba']"
GROUP-Algeria-Austria,home,1.71408552061282,4,"['Albert', 'Giuseppe', 'Jon', 'Luce']"
GROUP-DR_Congo-Uzbekistan,home,1.6866766283969454,4,"['BlueLaGoons', 'Claude (AI)', 'Giuseppe', 'Jon']"
BRACKET-Argentina,r16,-1.6842217506390365,1,['Sherram']
BRACKET-Türkiye,quarter,1.6596552943439753,4,"['BlueLaGoons', 'Giuseppe', 'MarcinC', 'Smith']"
BRACKET-USA,quarter,1.658543253428377,5,"['Downsy', ""ESPN (Ryan O'Hanlon's tips)"", 'Kuba', 'Martin L', 'Tamara']"
BRACKET-Japan,quarter,1.6554275969169903,6,"['Dan', 'Dave L', 'Jon', 'Sherram', 'Tamara', 'Tom (9a0)']"
BRACKET-Australia,quarter,1.6527204951011574,1,['Damian']
GROUP-Canada-Bosnia_&_Herz.,away,-1.6457198371482977,5,"['Estevao', 'Giuseppe', 'Haydos', 'Jon', 'Mikey']"
GROUP-Argentina-Austria,draw,-1.6,3,"['Claude (AI)', 'Downsy', ""ESPN (Ryan O'Hanlon's tips)""]"
GROUP-Austria-Jordan,draw,-1.6,3,"['Albert', 'Dave L', 'Estevao']"
GROUP-Haiti-Scotland,draw,1.6,3,"['BlueLaGoons', 'Dave L', 'Sherram']"
BRACKET-Portugal,r32,-1.5960494458716887,1,['BlueLaGoons']
GROUP-Paraguay-Australia,home,1.5920130321405959,5,"['Dave L', 'Estevao', 'Luce', 'Mikey', 'Sherram']"
BRACKET-France,r16,-1.5775419853271886,4,"['Adam B', 'Damian', 'Downsy', 'MarcinC']"
GROUP-Ecuador-Germany,draw,1.5711688096991452,7,"['Claude (AI)', 'Dan', 'Dave L', 'Doug', ""ESPN (Ryan O'Hanlon's tips)"", 'Giuseppe', 'Luce']"
BRACKET-Türkiye,group,-1.568564442845,2,"['Luce', 'Mikey']"
GROUP-Colombia-Portugal,home,1.5547493395985204,5,"['Albert', 'Damian', 'Downsy', ""ESPN (Ryan O'Hanlon's tips)"", 'Sherram']"
GROUP-Australia-Türkiye,home,1.5376359531190487,5,"['Dan', 'Dave L', 'Mikey', 'Sherram', 'Tom (c66)']"
BRACKET-Netherlands,final,1.4917549403012254,1,['Haydos']
GROUP-Czechia-South_Africa,draw,-1.4536749057844112,4,"['Albert', 'Dave L', 'Estevao', 'Giuseppe']"
GROUP-Ivory_Coast-Ecuador,home,1.4499999999999997,6,"['Albert', 'Doug', 'Estevao', 'Jon', 'Kuba', 'Smith']"
BRACKET-Portugal,final,1.4486843310678166,1,['Tom (9a0)']
BRACKET-South_Korea,group,-1.4419447264076803,4,"['Antoni Brdarovski', 'BlueLaGoons', 'Haydos', 'Tom (c66)']"
BRACKET-Germany,r32,-1.4370838820450298,1,['BlueLaGoons']
GROUP-DR_Congo-Uzbekistan,away,-1.436798609375176,6,"['Damian', 'Dan', 'Downsy', ""ESPN (Ryan O'Hanlon's tips)"", 'Martin L', 'Tamara']"
BRACKET-Brazil,r32,-1.434905899204274,5,"['Antoni Brdarovski', 'Dan', ""ESPN (Ryan O'Hanlon's tips)"", 'Smith', 'Tom (9a0)']"
BRACKET-England,winner,1.4135675801205436,5,"['BlueLaGoons', 'Doug', 'Haydos', 'Kuba', 'MarcinC']"
GROUP-Ghana-Panama,away,-1.4100623610567602,7,"['Albert', 'Damian', ""ESPN (Ryan O'Hanlon's tips)"", 'Mikey', 'Sherram', 'Tom (9a0)', 'Tom (c66)']"
GROUP-Netherlands-Japan,away,-1.4100623610567602,7,"['Claude (AI)', 'Dave L', ""ESPN (Ryan O'Hanlon's tips)"", 'Giuseppe', 'Kuba', 'Sherram', 'Tamara']"
BRACKET-Czechia,r16,1.4080405539864724,4,"['Damian', 'Doug', 'Haydos', 'Sherram']"
BRACKET-Paraguay,r16,1.3942001352211677,2,"['Albert', 'Dave L']"
BRACKET-Ivory_Coast,group,-1.3860568553427328,4,"['Damian', 'Sherram', 'Tamara', 'Tom (c66)']"
BRACKET-Morocco,r16,1.385640646055102,1,['BlueLaGoons']
GROUP-Brazil-Morocco,draw,-1.385640646055102,1,['Giuseppe']
BRACKET-Ecuador,group,-1.3827805506023159,2,"['Albert', 'Kuba']"
BRACKET-South_Africa,r32,1.3605532103943565,2,"['Albert', 'Antoni Brdarovski']"
BRACKET-England,r16,-1.3494652191768446,2,"['Smith', 'Tamara']"
BRACKET-Colombia,quarter,1.3145341380123985,5,"['Adam B', 'Albert', 'Damian', ""ESPN (Ryan O'Hanlon's tips)"", 'Sherram']"
GROUP-Bosnia_&_Herz.-Qatar,away,-1.3145341380123985,8,"['BlueLaGoons', 'Claude (AI)', 'Damian', 'Downsy', ""ESPN (Ryan O'Hanlon's tips)"", 'Sherram', 'Tom (9a0)', 'Tom (c66)']"
GROUP-Australia-Türkiye,away,-1.3098380341384488,7,"['Antoni Brdarovski', 'BlueLaGoons', 'Estevao', 'Giuseppe', 'Jon', 'Smith', 'Tamara']"
GROUP-Senegal-Iraq,draw,-1.3063945294843615,9,"['Albert', 'Antoni Brdarovski', 'Dan', 'Dave L', 'Downsy', 'Kuba', 'Martin L', 'Tamara', 'Tom (c66)']"
BRACKET-Ecuador,r16,1.3025602433402346,5,"['Adam B', 'BlueLaGoons', 'Giuseppe', 'Mikey', 'Tamara']"
BRACKET-Scotland,group,-1.2926621510327527,3,"['BlueLaGoons', 'Martin L', 'Sherram']"
GROUP-Curaçao-Ivory_Coast,draw,1.2725719045839605,2,"['Tamara', 'Tom (c66)']"
GROUP-Germany-Ivory_Coast,draw,-1.2725719045839605,2,"['Albert', 'Smith']"
GROUP-Norway-Senegal,home,1.2725719045839605,8,"['Adam B', 'Dan', 'Dave L', 'Estevao', 'Luce', 'Mikey', 'Sherram', 'Tom (c66)']"
BRACKET-Switzerland,r32,-1.221316053782069,9,"['Adam B', 'Albert', 'Doug', ""ESPN (Ryan O'Hanlon's tips)"", 'Giuseppe', 'Haydos', 'Luce', 'Smith', 'Tom (c66)']"
BRACKET-Egypt,r16,1.2047684945894443,6,"['BlueLaGoons', 'Estevao', 'Luce', 'MarcinC', 'Smith', 'Tom (c66)']"
BRACKET-Canada,group,-1.2026735480026722,3,"['Damian', 'Downsy', 'Mikey']"
BRACKET-Sweden,group,-1.2008413079643376,6,"['BlueLaGoons', 'Downsy', 'Estevao', 'Jon', 'MarcinC', 'Martin L']"
BRACKET-Czechia,group,-1.2006649752098533,4,"['Albert', 'Estevao', 'Giuseppe', 'Tom (c66)']"
BRACKET-Australia,group,-1.1914756610894683,6,"['Claude (AI)', ""ESPN (Ryan O'Hanlon's tips)"", 'Estevao', 'Giuseppe', 'Jon', 'Smith']"
GROUP-Belgium-Iran,draw,-1.1731509646421079,3,"['Claude (AI)', ""ESPN (Ryan O'Hanlon's tips)"", 'Tom (c66)']"
GROUP-Iran-New_Zealand,home,1.1731509646421077,9,"['BlueLaGoons', 'Damian', 'Dan', 'Estevao', 'Giuseppe', 'Haydos', 'Martin L', 'Tom (9a0)', 'Tom (c66)']"
GROUP-Egypt-Iran,home,1.1457431093955017,9,"['Damian', 'Doug', 'Estevao', 'Haydos', 'Jon', 'Kuba', 'Luce', 'Mikey', 'Smith']"
BRACKET-Senegal,r16,1.1410836064256213,4,"['Damian', 'Haydos', 'MarcinC', 'Tom (9a0)']"
GROUP-Colombia-Portugal,away,-1.1258529700541011,9,"['Dave L', 'Doug', 'Estevao', 'Haydos', 'Kuba', 'Martin L', 'Mikey', 'Tamara', 'Tom (c66)']"
GROUP-Norway-France,draw,1.1255239329802542,7,"['Adam B', 'Claude (AI)', 'Doug', 'Downsy', ""ESPN (Ryan O'Hanlon's tips)"", 'Jon', 'Sherram']"
BRACKET-Netherlands,third,1.119842171484723,2,"['Adam B', 'MarcinC']"
BRACKET-Brazil,final,1.1083516321751552,2,"['Mikey', 'Sherram']"
BRACKET-Canada,r16,1.0856503993049171,4,"['Adam B', 'Albert', 'Claude (AI)', 'Tom (9a0)']"
BRACKET-Netherlands,r32,-1.0731607067091347,7,"['BlueLaGoons', 'Giuseppe', 'Jon', 'Kuba', 'Sherram', 'Tamara', 'Tom (c66)']"
BRACKET-France,winner,1.0657924404891461,9,"['Claude (AI)', 'Dan', 'Dave L', 'Giuseppe', 'Jon', 'Luce', 'Martin L', 'Sherram', 'Smith']"
GROUP-Cape_Verde-Saudi_Arabia,away,-1.0615820843152592,10,"['Albert', 'Dan', 'Downsy', 'Estevao', 'Haydos', 'Jon', 'MarcinC', 'Sherram', 'Smith', 'Tamara']"
BRACKET-Egypt,group,-1.054887513781071,7,"['Claude (AI)', 'Dan', 'Dave L', 'Downsy', ""ESPN (Ryan O'Hanlon's tips)"", 'Sherram', 'Tamara']"
GROUP-Algeria-Austria,away,-1.0505685448917284,10,"['Damian', 'Dave L', 'Estevao', 'Haydos', 'MarcinC', 'Mikey', 'Sherram', 'Smith', 'Tamara', 'Tom (c66)']"
GROUP-Ivory_Coast-Ecuador,away,-1.0499999999999998,10,"['Adam B', 'Claude (AI)', 'Damian', 'Downsy', ""ESPN (Ryan O'Hanlon's tips)"", 'Giuseppe', 'Luce', 'Mikey', 'Sherram', 'Tamara']"
GROUP-Czechia-Mexico,draw,1.046536236944567,4,"['Dan', 'Jon', 'Sherram', 'Tom (9a0)']"
BRACKET-Argentina,final,1.0463582601246413,8,"['Adam B', 'Albert', 'Claude (AI)', ""ESPN (Ryan O'Hanlon's tips)"", 'Luce', 'Martin L', 'Smith', 'Tamara']"
GROUP-Jordan-Algeria,away,-1.019803902718557,12,"['Adam B', 'Albert', 'BlueLaGoons', 'Damian', 'Giuseppe', 'Kuba', 'Luce', 'MarcinC', 'Sherram', 'Smith', 'Tamara', 'Tom (9a0)']"
BRACKET-USA,group,-1.011852149620308,7,"['Albert', 'Antoni Brdarovski', 'BlueLaGoons', 'Damian', 'Dave L', 'Haydos', 'Sherram']"
BRACKET-Iran,group,-0.9858426928550316,9,"['Adam B', 'Albert', 'Doug', 'Jon', 'Kuba', 'Luce', 'MarcinC', 'Mikey', 'Smith']"
GROUP-Canada-Qatar,draw,-0.984921281153946,2,"['BlueLaGoons', 'Mikey']"
GROUP-Paraguay-Australia,away,-0.9757499229248814,11,"['Adam B', 'Antoni Brdarovski', 'BlueLaGoons', 'Damian', 'Dan', 'Downsy', 'Kuba', 'Martin L', 'Tamara', 'Tom (9a0)', 'Tom (c66)']"
BRACKET-Croatia,r32,-0.9603920767980495,12,"['Adam B', 'Albert', 'Damian', 'Dave L', 'Doug', 'Downsy', 'Giuseppe', 'Jon', 'Luce', 'MarcinC', 'Sherram', 'Smith']"
GROUP-England-Croatia,draw,-0.9603920767980495,9,"['BlueLaGoons', 'Dan', 'Doug', 'Downsy', ""ESPN (Ryan O'Hanlon's tips)"", 'Estevao', 'Haydos', 'Martin L', 'Smith']"
GROUP-Jordan-Algeria,draw,0.9413574486632833,13,"['Antoni Brdarovski', 'Claude (AI)', 'Dan', 'Dave L', 'Doug', 'Downsy', ""ESPN (Ryan O'Hanlon's tips)"", 'Estevao', 'Haydos', 'Jon', 'Martin L', 'Mikey', 'Tom (c66)']"
BRACKET-Bosnia_and_Herz,group,-0.9320933944587598,10,"['Albert', 'BlueLaGoons', 'Claude (AI)', 'Damian', 'Dan', 'Downsy', ""ESPN (Ryan O'Hanlon's tips)"", 'Sherram', 'Tom (9a0)', 'Tom (c66)']"
GROUP-Scotland-Morocco,away,-0.92951600308978,12,"['Adam B', 'Albert', 'Damian', 'Doug', 'Estevao', 'Giuseppe', 'Jon', 'Kuba', 'Martin L', 'Sherram', 'Tamara', 'Tom (9a0)']"
GROUP-South_Korea-Czechia,home,0.92951600308978,12,"['Adam B', 'Albert', 'Damian', 'Dan', 'Dave L', 'Estevao', 'Giuseppe', 'Kuba', 'Martin L', 'Mikey', 'Sherram', 'Tamara']"
BRACKET-France,quarter,-0.9167083788731049,4,"['Albert', 'BlueLaGoons', 'Haydos', 'Tom (9a0)']"
GROUP-Mexico-South_Korea,home,0.9142857142857144,12,"['Adam B', 'Antoni Brdarovski', 'Claude (AI)', 'Damian', 'Dan', 'Doug', 'Estevao', 'Haydos', 'Jon', 'Martin L', 'Mikey', 'Tom (c66)']"
GROUP-Belgium-Egypt,draw,-0.9142857142857143,3,"['Albert', 'Martin L', 'Smith']"
GROUP-South_Africa-South_Korea,draw,0.8791185712778404,3,"['Albert', 'Estevao', 'Haydos']"
BRACKET-Colombia,r32,-0.8763560920082658,12,"['Antoni Brdarovski', 'BlueLaGoons', 'Claude (AI)', 'Dan', 'Estevao', 'Haydos', 'Kuba', 'Martin L', 'Smith', 'Tamara', 'Tom (9a0)', 'Tom (c66)']"
GROUP-Bosnia_&_Herz.-Qatar,home,0.8763560920082658,13,"['Adam B', 'Antoni Brdarovski', 'Doug', 'Giuseppe', 'Haydos', 'Jon', 'Kuba', 'Luce', 'MarcinC', 'Martin L', 'Mikey', 'Smith', 'Tamara']"
GROUP-Ghana-Panama,home,0.8642317696799499,13,"['Adam B', 'Antoni Brdarovski', 'BlueLaGoons', 'Claude (AI)', 'Dan', 'Doug', 'Downsy', 'Estevao', 'Giuseppe', 'Kuba', 'Luce', 'MarcinC', 'Smith']"
GROUP-Netherlands-Japan,home,0.8642317696799499,13,"['Adam B', 'Albert', 'Antoni Brdarovski', 'BlueLaGoons', 'Damian', 'Doug', 'Downsy', 'Estevao', 'Haydos', 'Luce', 'MarcinC', 'Mikey', 'Tom (c66)']"
BRACKET-Netherlands,semi,0.8505260285486355,1,['Claude (AI)']
GROUP-Canada-Bosnia_&_Herz.,home,0.8477950676218502,13,"['Albert', 'Antoni Brdarovski', 'BlueLaGoons', 'Claude (AI)', 'Damian', 'Dan', 'Doug', ""ESPN (Ryan O'Hanlon's tips)"", 'Luce', 'MarcinC', 'Tamara', 'Tom (9a0)', 'Tom (c66)']"
BRACKET-Türkiye,r32,-0.842840625957556,9,"['Adam B', 'Albert', 'Dan', 'Dave L', 'Downsy', 'Martin L', 'Sherram', 'Tamara', 'Tom (c66)']"
BRACKET-Portugal,r16,-0.8348660016368123,5,"['Adam B', 'Albert', 'Damian', 'Downsy', 'Sherram']"
BRACKET-Germany,quarter,0.8083596836503296,2,"['Adam B', 'MarcinC']"
BRACKET-Norway,r32,-0.8019181555362133,11,"['Adam B', 'Antoni Brdarovski', 'Damian', 'Estevao', 'Giuseppe', 'Haydos', 'Kuba', 'MarcinC', 'Mikey', 'Tamara', 'Tom (9a0)']"
BRACKET-Senegal,group,-0.8000362236265773,9,"['Albert', 'Antoni Brdarovski', 'Dan', 'Dave L', 'Downsy', 'Luce', 'Sherram', 'Tamara', 'Tom (c66)']"
BRACKET-Brazil,r16,-0.7990915163594167,1,['BlueLaGoons']
GROUP-Croatia-Ghana,draw,-0.7960841664045328,8,"['BlueLaGoons', 'Downsy', 'Estevao', 'Giuseppe', 'Haydos', 'Luce', 'Martin L', 'Tom (c66)']"
GROUP-Japan-Sweden,home,0.7960841664045328,14,"['Adam B', 'BlueLaGoons', 'Damian', 'Dan', 'Doug', 'Downsy', 'Estevao', 'Jon', 'Luce', 'MarcinC', 'Martin L', 'Sherram', 'Tamara', 'Tom (c66)']"
GROUP-Türkiye-USA,home,0.7855844048495726,14,"['Albert', 'BlueLaGoons', 'Claude (AI)', 'Damian', 'Dan', 'Dave L', 'Doug', ""ESPN (Ryan O'Hanlon's tips)"", 'Estevao', 'Haydos', 'Jon', 'Sherram', 'Smith', 'Tom (c66)']"
GROUP-USA-Paraguay,home,0.7855844048495726,14,"['Adam B', 'Claude (AI)', 'Dan', 'Doug', 'Downsy', ""ESPN (Ryan O'Hanlon's tips)"", 'Jon', 'Kuba', 'Luce', 'MarcinC', 'Martin L', 'Tamara', 'Tom (9a0)', 'Tom (c66)']"
BRACKET-Argentina,quarter,-0.7740284137178105,8,"['Antoni Brdarovski', 'Downsy', 'Estevao', 'Giuseppe', 'Kuba', 'MarcinC', 'Tom (9a0)', 'Tom (c66)']"
BRACKET-Ghana,group,-0.7589559678307236,11,"['Adam B', 'Albert', 'Damian', 'Dave L', ""ESPN (Ryan O'Hanlon's tips)"", 'Jon', 'Martin L', 'Mikey', 'Tamara', 'Tom (9a0)', 'Tom (c66)']"
BRACKET-Spain,semi,-0.756013872706978,4,"['Antoni Brdarovski', 'Dan', 'Dave L', 'Martin L']"
BRACKET-Croatia,r16,0.7545937746270387,12,"['Antoni Brdarovski', 'BlueLaGoons', 'Claude (AI)', 'Dan', ""ESPN (Ryan O'Hanlon's tips)"", 'Estevao', 'Haydos', 'Kuba', 'Martin L', 'Tamara', 'Tom (9a0)', 'Tom (c66)']"
GROUP-England-Croatia,home,0.7545937746270387,15,"['Adam B', 'Albert', 'Antoni Brdarovski', 'Claude (AI)', 'Damian', 'Dave L', 'Giuseppe', 'Jon', 'Kuba', 'Luce', 'MarcinC', 'Sherram', 'Tamara', 'Tom (9a0)', 'Tom (c66)']"
BRACKET-Brazil,third,0.7395792901251379,1,['Albert']
GROUP-Türkiye-Paraguay,home,0.7348469228349535,15,"['Adam B', 'BlueLaGoons', 'Damian', 'Dan', 'Doug', 'Downsy', 'Estevao', 'Giuseppe', 'Haydos', 'Kuba', 'MarcinC', 'Martin L', 'Smith', 'Tamara', 'Tom (9a0)']"
GROUP-USA-Australia,away,-0.7348469228349535,15,"['Albert', 'Antoni Brdarovski', 'BlueLaGoons', 'Damian', 'Dan', 'Dave L', 'Doug', 'Haydos', 'Luce', 'MarcinC', 'Mikey', 'Sherram', 'Tamara', 'Tom (9a0)', 'Tom (c66)']"
GROUP-Croatia-Ghana,home,0.7348469228349533,15,"['Adam B', 'Albert', 'Antoni Brdarovski', 'Claude (AI)', 'Damian', 'Dan', 'Dave L', 'Doug', ""ESPN (Ryan O'Hanlon's tips)"", 'Jon', 'Kuba', 'MarcinC', 'Mikey', 'Tamara', 'Tom (9a0)']"
GROUP-Japan-Sweden,draw,-0.7348469228349533,9,"['Albert', 'Claude (AI)', 'Dave L', ""ESPN (Ryan O'Hanlon's tips)"", 'Giuseppe', 'Haydos', 'Mikey', 'Smith', 'Tom (9a0)']"
GROUP-Senegal-Iraq,home,0.7348469228349533,16,"['Adam B', 'BlueLaGoons', 'Claude (AI)', 'Damian', 'Doug', ""ESPN (Ryan O'Hanlon's tips)"", 'Estevao', 'Giuseppe', 'Haydos', 'Jon', 'Luce', 'MarcinC', 'Mikey', 'Sherram', 'Smith', 'Tom (9a0)']"
GROUP-Switzerland-Canada,home,0.7281456436945651,15,"['Damian', 'Dan', 'Dave L', 'Downsy', 'Estevao', 'Haydos', 'Jon', 'Kuba', 'MarcinC', 'Mikey', 'Sherram', 'Smith', 'Tamara', 'Tom (9a0)', 'Tom (c66)']"
BRACKET-South_Korea,r32,-0.7254197595498542,7,"['Claude (AI)', 'Doug', ""ESPN (Ryan O'Hanlon's tips)"", 'Jon', 'Luce', 'Mikey', 'Sherram']"
BRACKET-England,final,0.7228093802961966,4,"['Dan', 'Dave L', 'Giuseppe', 'Jon']"
BRACKET-Portugal,semi,0.6875008868329403,4,"['Estevao', 'Giuseppe', 'Kuba', 'MarcinC']"
GROUP-New_Zealand-Egypt,away,-0.6750780229563482,16,"['Adam B', 'Albert', 'Antoni Brdarovski', 'BlueLaGoons', 'Damian', 'Doug', 'Estevao', 'Giuseppe', 'Haydos', 'Jon', 'Kuba', 'Luce', 'MarcinC', 'Smith', 'Tom (9a0)', 'Tom (c66)']"
BRACKET-Saudi_Arabia,r32,0.6723681525807307,6,"['Albert', 'Downsy', 'Estevao', 'Haydos', 'Jon', 'Tamara']"
GROUP-Switzerland-Canada,draw,-0.6721344403334447,7,"['Albert', 'Antoni Brdarovski', 'Claude (AI)', ""ESPN (Ryan O'Hanlon's tips)"", 'Giuseppe', 'Luce', 'Martin L']"
BRACKET-England,quarter,-0.6587070193524975,9,"['Adam B', 'Albert', 'Claude (AI)', 'Damian', 'Downsy', ""ESPN (Ryan O'Hanlon's tips)"", 'Estevao', 'Sherram', 'Tom (c66)']"
BRACKET-Algeria,group,-0.656834893495865,13,"['Antoni Brdarovski', 'Claude (AI)', 'Damian', 'Dan', 'Dave L', 'Doug', ""ESPN (Ryan O'Hanlon's tips)"", 'Estevao', 'Haydos', 'Martin L', 'Mikey', 'Sherram', 'Tom (c66)']"
BRACKET-Japan,r32,-0.6437773988010518,17,"['Adam B', 'Albert', 'Antoni Brdarovski', 'BlueLaGoons', 'Claude (AI)', 'Damian', 'Doug', 'Downsy', 'Estevao', 'Giuseppe', 'Haydos', 'Kuba', 'Luce', 'MarcinC', 'Martin L', 'Mikey', 'Tom (c66)']"
BRACKET-Paraguay,group,-0.6364379673317868,14,"['Adam B', 'Dan', 'Doug', 'Downsy', 'Giuseppe', 'Haydos', 'Jon', 'Kuba', 'MarcinC', 'Martin L', 'Smith', 'Tamara', 'Tom (9a0)', 'Tom (c66)']"
GROUP-Norway-France,away,-0.633107212301393,17,"['Albert', 'Antoni Brdarovski', 'Damian', 'Dan', 'Dave L', 'Estevao', 'Giuseppe', 'Haydos', 'Kuba', 'Luce', 'MarcinC', 'Martin L', 'Mikey', 'Smith', 'Tamara', 'Tom (9a0)', 'Tom (c66)']"
BRACKET-Belgium,r16,-0.6321439008090242,11,"['Dave L', 'Doug', 'Downsy', ""ESPN (Ryan O'Hanlon's tips)"", 'Giuseppe', 'Kuba', 'MarcinC', 'Martin L', 'Mikey', 'Smith', 'Tamara']"
BRACKET-USA,r16,0.6235062755025301,4,"['Claude (AI)', 'Giuseppe', 'Jon', 'Luce']"
GROUP-New_Zealand-Egypt,draw,0.6231489442673983,5,"['Dan', 'Dave L', 'Downsy', 'Martin L', 'Tamara']"
GROUP-Scotland-Morocco,draw,0.6196773353931867,11,"['Antoni Brdarovski', 'BlueLaGoons', 'Claude (AI)', 'Dan', 'Dave L', 'Downsy', ""ESPN (Ryan O'Hanlon's tips)"", 'Haydos', 'Luce', 'MarcinC', 'Smith']"
GROUP-South_Korea-Czechia,draw,-0.6196773353931867,11,"['Antoni Brdarovski', 'BlueLaGoons', 'Claude (AI)', 'Doug', 'Downsy', ""ESPN (Ryan O'Hanlon's tips)"", 'Jon', 'MarcinC', 'Smith', 'Tom (9a0)', 'Tom (c66)']"
GROUP-Ecuador-Germany,away,-0.6110100926607788,18,"['Adam B', 'Albert', 'Antoni Brdarovski', 'BlueLaGoons', 'Damian', 'Downsy', 'Estevao', 'Haydos', 'Jon', 'Kuba', 'MarcinC', 'Martin L', 'Mikey', 'Sherram', 'Smith', 'Tamara', 'Tom (9a0)', 'Tom (c66)']"
BRACKET-Belgium,quarter,0.5835174469006376,9,"['Adam B', 'Antoni Brdarovski', 'Claude (AI)', 'Dan', 'Estevao', 'Jon', 'Luce', 'Tom (9a0)', 'Tom (c66)']"
BRACKET-Switzerland,r16,0.5747369664856797,15,"['Antoni Brdarovski', 'Claude (AI)', 'Damian', 'Dan', 'Dave L', 'Downsy', 'Estevao', 'Jon', 'Kuba', 'MarcinC', 'Martin L', 'Mikey', 'Sherram', 'Tamara', 'Tom (9a0)']"
BRACKET-Saudi_Arabia,group,-0.5680056657933907,17,"['Adam B', 'Antoni Brdarovski', 'BlueLaGoons', 'Claude (AI)', 'Damian', 'Dave L', 'Doug', ""ESPN (Ryan O'Hanlon's tips)"", 'Giuseppe', 'Kuba', 'Luce', 'MarcinC', 'Martin L', 'Mikey', 'Smith', 'Tom (9a0)', 'Tom (c66)']"
BRACKET-Australia,r32,-0.5520827267520407,6,"['BlueLaGoons', 'Dave L', 'Doug', 'Kuba', 'Luce', 'MarcinC']"
GROUP-Switzerland-Bosnia_&_Herz.,home,0.5505977612893482,19,"['Adam B', 'Albert', 'Antoni Brdarovski', 'BlueLaGoons', 'Claude (AI)', 'Damian', 'Dan', 'Dave L', 'Doug', 'Downsy', ""ESPN (Ryan O'Hanlon's tips)"", 'Estevao', 'Martin L', 'Mikey', 'Sherram', 'Smith', 'Tamara', 'Tom (9a0)', 'Tom (c66)']"
BRACKET-New_Zealand,group,-0.550597761289348,19,"['Adam B', 'Antoni Brdarovski', 'BlueLaGoons', 'Damian', 'Dan', 'Doug', 'Downsy', 'Estevao', 'Giuseppe', 'Haydos', 'Jon', 'Kuba', 'Luce', 'MarcinC', 'Martin L', 'Smith', 'Tamara', 'Tom (9a0)', 'Tom (c66)']"
BRACKET-Uzbekistan,group,-0.550597761289348,19,"['Adam B', 'Albert', 'Antoni Brdarovski', 'BlueLaGoons', 'Claude (AI)', 'Damian', 'Dave L', 'Doug', 'Estevao', 'Giuseppe', 'Haydos', 'Jon', 'Kuba', 'Luce', 'MarcinC', 'Mikey', 'Sherram', 'Smith', 'Tom (9a0)']"
BRACKET-Australia,r16,0.5503188841745583,11,"['Adam B', 'Albert', 'Antoni Brdarovski', 'Dan', 'Downsy', 'Haydos', 'Martin L', 'Mikey', 'Tamara', 'Tom (9a0)', 'Tom (c66)']"
GROUP-South_Africa-South_Korea,away,-0.5274711427667043,18,"['Adam B', 'Claude (AI)', 'Dan', 'Dave L', 'Doug', 'Downsy', ""ESPN (Ryan O'Hanlon's tips)"", 'Giuseppe', 'Jon', 'Kuba', 'Luce', 'MarcinC', 'Martin L', 'Mikey', 'Sherram', 'Smith', 'Tamara', 'Tom (9a0)']"
GROUP-Türkiye-USA,draw,-0.5237229365663818,7,"['Adam B', 'Antoni Brdarovski', 'Giuseppe', 'Kuba', 'MarcinC', 'Martin L', 'Tom (9a0)']"
GROUP-USA-Paraguay,draw,-0.5237229365663818,7,"['Antoni Brdarovski', 'Dave L', 'Estevao', 'Giuseppe', 'Haydos', 'Mikey', 'Smith']"
GROUP-Czechia-Mexico,away,-0.5232681184722836,18,"['Adam B', 'Albert', 'Antoni Brdarovski', 'BlueLaGoons', 'Claude (AI)', 'Dave L', 'Downsy', ""ESPN (Ryan O'Hanlon's tips)"", 'Estevao', 'Giuseppe', 'Kuba', 'Luce', 'MarcinC', 'Martin L', 'Mikey', 'Smith', 'Tamara', 'Tom (c66)']"
BRACKET-Argentina,third,0.5184461247103301,3,"['Dave L', 'Haydos', 'Mikey']"
GROUP-Mexico-South_Korea,draw,-0.5142857142857143,10,"['BlueLaGoons', 'Dave L', 'Downsy', ""ESPN (Ryan O'Hanlon's tips)"", 'Giuseppe', 'Kuba', 'Luce', 'MarcinC', 'Smith', 'Tamara']"
GROUP-Belgium-Egypt,home,0.5142857142857142,19,"['Adam B', 'Antoni Brdarovski', 'Claude (AI)', 'Damian', 'Dan', 'Dave L', 'Downsy', ""ESPN (Ryan O'Hanlon's tips)"", 'Estevao', 'Giuseppe', 'Haydos', 'Jon', 'Kuba', 'Luce', 'MarcinC', 'Mikey', 'Tamara', 'Tom (9a0)', 'Tom (c66)']"
BRACKET-South_Korea,r16,0.5099681143429494,11,"['Adam B', 'Albert', 'Dan', 'Dave L', 'Estevao', 'Giuseppe', 'Kuba', 'MarcinC', 'Smith', 'Tamara', 'Tom (9a0)']"
BRACKET-Japan,r16,0.5058250990579691,2,"[""ESPN (Ryan O'Hanlon's tips)"", 'Smith']"
GROUP-Türkiye-Paraguay,draw,-0.48989794855663565,5,"['Antoni Brdarovski', 'Dave L', 'Jon', 'Luce', 'Tom (c66)']"
GROUP-USA-Australia,draw,0.48989794855663565,5,"['Adam B', 'Claude (AI)', ""ESPN (Ryan O'Hanlon's tips)"", 'Martin L', 'Smith']"
GROUP-Netherlands-Sweden,home,0.4898979485566355,20,"['Adam B', 'Albert', 'BlueLaGoons', 'Claude (AI)', 'Dan', 'Doug', 'Downsy', ""ESPN (Ryan O'Hanlon's tips)"", 'Estevao', 'Haydos', 'Kuba', 'Luce', 'MarcinC', 'Martin L', 'Mikey', 'Sherram', 'Smith', 'Tamara', 'Tom (9a0)', 'Tom (c66)']"
GROUP-Sweden-Tunisia,home,0.4898979485566355,20,"['Adam B', 'Albert', 'Antoni Brdarovski', 'BlueLaGoons', 'Claude (AI)', 'Damian', 'Dan', 'Dave L', 'Doug', ""ESPN (Ryan O'Hanlon's tips)"", 'Giuseppe', 'Haydos', 'Kuba', 'Luce', 'Mikey', 'Sherram', 'Smith', 'Tamara', 'Tom (9a0)', 'Tom (c66)']"
GROUP-Tunisia-Japan,away,-0.4898979485566355,20,"['Adam B', 'Albert', 'Antoni Brdarovski', 'Claude (AI)', 'Damian', 'Dan', 'Downsy', ""ESPN (Ryan O'Hanlon's tips)"", 'Giuseppe', 'Haydos', 'Jon', 'Kuba', 'MarcinC', 'Martin L', 'Mikey', 'Sherram', 'Smith', 'Tamara', 'Tom (9a0)', 'Tom (c66)']"
GROUP-Uruguay-Spain,away,-0.4898979485566355,20,"['Adam B', 'Antoni Brdarovski', 'BlueLaGoons', 'Claude (AI)', 'Damian', 'Dan', 'Dave L', ""ESPN (Ryan O'Hanlon's tips)"", 'Giuseppe', 'Haydos', 'Jon', 'Kuba', 'Luce', 'MarcinC', 'Martin L', 'Mikey', 'Sherram', 'Tamara', 'Tom (9a0)', 'Tom (c66)']"
BRACKET-Qatar,group,-0.4898979485566354,20,"['Adam B', 'Albert', 'Antoni Brdarovski', 'Claude (AI)', 'Dan', 'Dave L', 'Doug', ""ESPN (Ryan O'Hanlon's tips)"", 'Estevao', 'Giuseppe', 'Haydos', 'Jon', 'Kuba', 'Luce', 'MarcinC', 'Martin L', 'Mikey', 'Smith', 'Tamara', 'Tom (9a0)']"
BRACKET-Spain,final,0.48742999687686805,5,"['BlueLaGoons', 'Doug', 'Estevao', 'MarcinC', 'Tom (c66)']"
BRACKET-Brazil,semi,0.47253724933029784,3,"['Adam B', 'Tamara', 'Tom (c66)']"
GROUP-Canada-Qatar,home,0.4634923676018568,20,"['Adam B', 'Albert', 'Antoni Brdarovski', 'Claude (AI)', 'Dan', 'Dave L', 'Doug', ""ESPN (Ryan O'Hanlon's tips)"", 'Estevao', 'Giuseppe', 'Haydos', 'Jon', 'Kuba', 'Luce', 'MarcinC', 'Martin L', 'Sherram', 'Smith', 'Tamara', 'Tom (9a0)']"
GROUP-Czechia-South_Africa,home,0.45905523340560356,20,"['Adam B', 'Antoni Brdarovski', 'BlueLaGoons', 'Claude (AI)', 'Damian', 'Dan', 'Doug', 'Downsy', ""ESPN (Ryan O'Hanlon's tips)"", 'Haydos', 'Jon', 'Kuba', 'Luce', 'MarcinC', 'Martin L', 'Mikey', 'Sherram', 'Smith', 'Tamara', 'Tom (9a0)']"
GROUP-Belgium-Iran,home,0.4562253751385975,20,"['Adam B', 'Albert', 'Antoni Brdarovski', 'Dan', 'Dave L', 'Doug', 'Downsy', 'Estevao', 'Giuseppe', 'Haydos', 'Jon', 'Kuba', 'Luce', 'MarcinC', 'Martin L', 'Mikey', 'Sherram', 'Smith', 'Tamara', 'Tom (9a0)']"
GROUP-Iran-New_Zealand,draw,-0.45622537513859746,14,"['Adam B', 'Antoni Brdarovski', 'Claude (AI)', 'Dave L', 'Doug', 'Downsy', ""ESPN (Ryan O'Hanlon's tips)"", 'Jon', 'Kuba', 'Luce', 'MarcinC', 'Sherram', 'Smith', 'Tamara']"
BRACKET-Netherlands,r16,-0.4319317949565446,6,"['Antoni Brdarovski', 'Damian', 'Downsy', ""ESPN (Ryan O'Hanlon's tips)"", 'Luce', 'Martin L']"
BRACKET-Panama,group,-0.4276179870598787,21,"['Adam B', 'Antoni Brdarovski', 'BlueLaGoons', 'Claude (AI)', 'Dan', 'Dave L', 'Doug', 'Downsy', ""ESPN (Ryan O'Hanlon's tips)"", 'Estevao', 'Giuseppe', 'Haydos', 'Jon', 'Kuba', 'Luce', 'MarcinC', 'Martin L', 'Sherram', 'Smith', 'Tamara', 'Tom (9a0)']"
GROUP-Cape_Verde-Saudi_Arabia,draw,0.412837477233712,12,"['Adam B', 'Antoni Brdarovski', 'BlueLaGoons', 'Dave L', 'Doug', 'Giuseppe', 'Kuba', 'Luce', 'Martin L', 'Mikey', 'Tom (9a0)', 'Tom (c66)']"
BRACKET-USA,r32,-0.41153070242331663,9,"['Adam B', 'Dan', 'Doug', 'Estevao', 'MarcinC', 'Mikey', 'Smith', 'Tom (9a0)', 'Tom (c66)']"
BRACKET-Türkiye,r16,0.4084073341932097,10,"['Antoni Brdarovski', 'Claude (AI)', 'Damian', 'Doug', ""ESPN (Ryan O'Hanlon's tips)"", 'Estevao', 'Haydos', 'Jon', 'Kuba', 'Tom (9a0)']"
BRACKET-Algeria,r32,0.40612336048739867,11,"['Adam B', 'Albert', 'Downsy', 'Giuseppe', 'Jon', 'Kuba', 'Luce', 'MarcinC', 'Smith', 'Tamara', 'Tom (9a0)']"
BRACKET-France,final,0.4049588340350625,2,"['Antoni Brdarovski', 'Kuba']"
GROUP-Curaçao-Ivory_Coast,away,-0.40186481197388224,21,"['Adam B', 'Albert', 'Antoni Brdarovski', 'BlueLaGoons', 'Claude (AI)', 'Dan', 'Dave L', 'Doug', 'Downsy', ""ESPN (Ryan O'Hanlon's tips)"", 'Estevao', 'Giuseppe', 'Haydos', 'Jon', 'Kuba', 'Luce', 'MarcinC', 'Martin L', 'Mikey', 'Smith', 'Tom (9a0)']"
GROUP-Germany-Ivory_Coast,home,0.40186481197388224,21,"['Adam B', 'Antoni Brdarovski', 'Claude (AI)', 'Dan', 'Dave L', 'Doug', 'Downsy', ""ESPN (Ryan O'Hanlon's tips)"", 'Estevao', 'Giuseppe', 'Haydos', 'Jon', 'Kuba', 'Luce', 'MarcinC', 'Martin L', 'Mikey', 'Sherram', 'Tamara', 'Tom (9a0)', 'Tom (c66)']"
GROUP-Norway-Senegal,draw,-0.40186481197388224,15,"['Albert', 'Antoni Brdarovski', 'BlueLaGoons', 'Claude (AI)', 'Doug', 'Downsy', ""ESPN (Ryan O'Hanlon's tips)"", 'Giuseppe', 'Haydos', 'Jon', 'Kuba', 'Martin L', 'Smith', 'Tamara', 'Tom (9a0)']"
GROUP-Argentina-Austria,home,0.3999999999999999,21,"['Adam B', 'Albert', 'Antoni Brdarovski', 'Damian', 'Dan', 'Dave L', 'Doug', 'Estevao', 'Giuseppe', 'Haydos', 'Jon', 'Kuba', 'Luce', 'MarcinC', 'Martin L', 'Mikey', 'Sherram', 'Smith', 'Tamara', 'Tom (9a0)', 'Tom (c66)']"
GROUP-Austria-Jordan,home,0.3999999999999999,21,"['Adam B', 'Antoni Brdarovski', 'BlueLaGoons', 'Claude (AI)', 'Damian', 'Dan', 'Doug', 'Downsy', ""ESPN (Ryan O'Hanlon's tips)"", 'Giuseppe', 'Haydos', 'Jon', 'Kuba', 'Luce', 'MarcinC', 'Martin L', 'Mikey', 'Smith', 'Tamara', 'Tom (9a0)', 'Tom (c66)']"
GROUP-Haiti-Scotland,away,-0.3999999999999999,21,"['Adam B', 'Albert', 'Antoni Brdarovski', 'Claude (AI)', 'Damian', 'Dan', 'Doug', 'Downsy', ""ESPN (Ryan O'Hanlon's tips)"", 'Estevao', 'Giuseppe', 'Haydos', 'Jon', 'Kuba', 'Luce', 'MarcinC', 'Mikey', 'Smith', 'Tamara', 'Tom (9a0)', 'Tom (c66)']"
GROUP-Canada-Bosnia_&_Herz.,draw,-0.39896238476322365,7,"['Adam B', 'Dave L', 'Downsy', 'Kuba', 'Martin L', 'Sherram', 'Smith']"
BRACKET-Ecuador,r32,-0.3970225376360632,17,"['Claude (AI)', 'Damian', 'Dan', 'Dave L', 'Doug', 'Downsy', ""ESPN (Ryan O'Hanlon's tips)"", 'Estevao', 'Haydos', 'Jon', 'Luce', 'MarcinC', 'Martin L', 'Sherram', 'Smith', 'Tom (9a0)', 'Tom (c66)']"
BRACKET-Canada,r32,-0.3626558964593799,16,"['BlueLaGoons', 'Dan', 'Dave L', 'Doug', 'Estevao', 'Giuseppe', 'Haydos', 'Jon', 'Kuba', 'Luce', 'MarcinC', 'Martin L', 'Sherram', 'Smith', 'Tamara', 'Tom (c66)']"
GROUP-France-Senegal,home,0.36181361349331637,22,"['Adam B', 'Albert', 'Antoni Brdarovski', 'BlueLaGoons', 'Claude (AI)', 'Damian', 'Dan', 'Dave L', 'Doug', 'Downsy', ""ESPN (Ryan O'Hanlon's tips)"", 'Estevao', 'Giuseppe', 'Jon', 'Kuba', 'Luce', 'MarcinC', 'Mikey', 'Sherram', 'Tamara', 'Tom (9a0)', 'Tom (c66)']"
GROUP-Iraq-Norway,away,-0.36181361349331637,22,"['Adam B', 'Antoni Brdarovski', 'BlueLaGoons', 'Claude (AI)', 'Damian', 'Dan', 'Dave L', 'Doug', 'Downsy', ""ESPN (Ryan O'Hanlon's tips)"", 'Giuseppe', 'Haydos', 'Jon', 'Kuba', 'Luce', 'MarcinC', 'Martin L', 'Mikey', 'Smith', 'Tamara', 'Tom (9a0)', 'Tom (c66)']"
GROUP-Qatar-Switzerland,away,-0.36181361349331637,22,"['Adam B', 'Albert', 'Antoni Brdarovski', 'BlueLaGoons', 'Claude (AI)', 'Damian', 'Dan', 'Dave L', 'Doug', ""ESPN (Ryan O'Hanlon's tips)"", 'Estevao', 'Giuseppe', 'Haydos', 'Kuba', 'Luce', 'MarcinC', 'Martin L', 'Mikey', 'Smith', 'Tamara', 'Tom (9a0)', 'Tom (c66)']"
GROUP-Saudi_Arabia-Uruguay,away,-0.36181361349331637,22,"['Adam B', 'Antoni Brdarovski', 'Claude (AI)', 'Damian', 'Dave L', 'Doug', 'Downsy', ""ESPN (Ryan O'Hanlon's tips)"", 'Estevao', 'Giuseppe', 'Haydos', 'Jon', 'Kuba', 'Luce', 'MarcinC', 'Martin L', 'Mikey', 'Sherram', 'Smith', 'Tamara', 'Tom (9a0)', 'Tom (c66)']"
GROUP-Egypt-Iran,draw,-0.3618136134933163,13,"['Adam B', 'Albert', 'Antoni Brdarovski', 'BlueLaGoons', 'Claude (AI)', 'Dan', 'Dave L', ""ESPN (Ryan O'Hanlon's tips)"", 'Giuseppe', 'MarcinC', 'Martin L', 'Tom (9a0)', 'Tom (c66)']"
BRACKET-Curaçao,group,-0.36181361349331603,22,"['Adam B', 'Antoni Brdarovski', 'BlueLaGoons', 'Claude (AI)', 'Dan', 'Dave L', 'Doug', 'Downsy', ""ESPN (Ryan O'Hanlon's tips)"", 'Estevao', 'Giuseppe', 'Haydos', 'Jon', 'Kuba', 'Luce', 'MarcinC', 'Martin L', 'Mikey', 'Sherram', 'Smith', 'Tamara', 'Tom (9a0)']"
BRACKET-Morocco,r32,-0.3464101615137754,22,"['Adam B', 'Albert', 'Antoni Brdarovski', 'Claude (AI)', 'Damian', 'Dan', 'Dave L', 'Doug', 'Downsy', ""ESPN (Ryan O'Hanlon's tips)"", 'Estevao', 'Haydos', 'Jon', 'Luce', 'MarcinC', 'Martin L', 'Mikey', 'Sherram', 'Smith', 'Tamara', 'Tom (9a0)', 'Tom (c66)']"
GROUP-Brazil-Morocco,home,0.3464101615137754,22,"['Adam B', 'Albert', 'Antoni Brdarovski', 'BlueLaGoons', 'Damian', 'Dan', 'Dave L', 'Doug', 'Downsy', 'Estevao', 'Haydos', 'Jon', 'Kuba', 'Luce', 'MarcinC', 'Martin L', 'Mikey', 'Sherram', 'Smith', 'Tamara', 'Tom (9a0)', 'Tom (c66)']"
GROUP-Ecuador-Curaçao,home,0.33856589561212724,22,"['Adam B', 'Antoni Brdarovski', 'BlueLaGoons', 'Claude (AI)', 'Damian', 'Dan', 'Dave L', 'Doug', 'Downsy', ""ESPN (Ryan O'Hanlon's tips)"", 'Estevao', 'Giuseppe', 'Haydos', 'Jon', 'Luce', 'MarcinC', 'Martin L', 'Mikey', 'Sherram', 'Smith', 'Tamara', 'Tom (9a0)']"
GROUP-Algeria-Austria,draw,0.3317584878605458,11,"['Adam B', 'Antoni Brdarovski', 'BlueLaGoons', 'Claude (AI)', 'Dan', 'Doug', 'Downsy', ""ESPN (Ryan O'Hanlon's tips)"", 'Kuba', 'Martin L', 'Tom (9a0)']"
BRACKET-England,third,0.3221696243980752,2,"['Antoni Brdarovski', 'Martin L']"
BRACKET-South_Africa,group,-0.31699964255786867,22,"['Adam B', 'BlueLaGoons', 'Claude (AI)', 'Damian', 'Dan', 'Dave L', 'Doug', 'Downsy', ""ESPN (Ryan O'Hanlon's tips)"", 'Estevao', 'Giuseppe', 'Haydos', 'Jon', 'Kuba', 'Luce', 'MarcinC', 'Martin L', 'Mikey', 'Sherram', 'Smith', 'Tamara', 'Tom (9a0)']"
BRACKET-Germany,r16,-0.3143620991973501,20,"['Albert', 'Antoni Brdarovski', 'Claude (AI)', 'Dan', 'Dave L', 'Doug', ""ESPN (Ryan O'Hanlon's tips)"", 'Estevao', 'Giuseppe', 'Haydos', 'Jon', 'Kuba', 'Luce', 'Martin L', 'Mikey', 'Sherram', 'Smith', 'Tamara', 'Tom (9a0)', 'Tom (c66)']"
GROUP-Paraguay-Australia,draw,0.3081315546078573,9,"['Albert', 'Claude (AI)', 'Doug', ""ESPN (Ryan O'Hanlon's tips)"", 'Giuseppe', 'Haydos', 'Jon', 'MarcinC', 'Smith']"
GROUP-Tunisia-Netherlands,away,-0.2889260474058462,23,"['Adam B', 'Albert', 'Antoni Brdarovski', 'Claude (AI)', 'Damian', 'Dan', 'Dave L', 'Doug', 'Downsy', ""ESPN (Ryan O'Hanlon's tips)"", 'Estevao', 'Giuseppe', 'Haydos', 'Jon', 'Kuba', 'Luce', 'MarcinC', 'Martin L', 'Mikey', 'Sherram', 'Smith', 'Tamara', 'Tom (9a0)']"
BRACKET-Jordan,group,-0.28892604740584604,23,"['Adam B', 'Albert', 'Antoni Brdarovski', 'BlueLaGoons', 'Claude (AI)', 'Damian', 'Dan', 'Doug', 'Downsy', ""ESPN (Ryan O'Hanlon's tips)"", 'Estevao', 'Giuseppe', 'Haydos', 'Jon', 'Kuba', 'Luce', 'MarcinC', 'Martin L', 'Mikey', 'Smith', 'Tamara', 'Tom (9a0)', 'Tom (c66)']"
GROUP-Colombia-DR_Congo,home,0.28892604740584593,23,"['Adam B', 'Albert', 'Antoni Brdarovski', 'BlueLaGoons', 'Claude (AI)', 'Damian', 'Dan', 'Dave L', 'Downsy', ""ESPN (Ryan O'Hanlon's tips)"", 'Giuseppe', 'Haydos', 'Jon', 'Kuba', 'Luce', 'MarcinC', 'Martin L', 'Mikey', 'Sherram', 'Smith', 'Tamara', 'Tom (9a0)', 'Tom (c66)']"
GROUP-Morocco-Haiti,home,0.28892604740584593,23,"['Adam B', 'Albert', 'Antoni Brdarovski', 'BlueLaGoons', 'Claude (AI)', 'Dan', 'Dave L', 'Doug', 'Downsy', ""ESPN (Ryan O'Hanlon's tips)"", 'Giuseppe', 'Haydos', 'Jon', 'Kuba', 'Luce', 'MarcinC', 'Martin L', 'Mikey', 'Sherram', 'Smith', 'Tamara', 'Tom (9a0)', 'Tom (c66)']"
GROUP-Portugal-Uzbekistan,home,0.28892604740584593,23,"['Adam B', 'Albert', 'Antoni Brdarovski', 'BlueLaGoons', 'Claude (AI)', 'Damian', 'Dan', 'Dave L', 'Doug', ""ESPN (Ryan O'Hanlon's tips)"", 'Estevao', 'Giuseppe', 'Haydos', 'Jon', 'Kuba', 'Luce', 'MarcinC', 'Mikey', 'Sherram', 'Smith', 'Tamara', 'Tom (9a0)', 'Tom (c66)']"
GROUP-Uzbekistan-Colombia,away,-0.28892604740584593,23,"['Adam B', 'Albert', 'Antoni Brdarovski', 'BlueLaGoons', 'Claude (AI)', 'Damian', 'Dan', 'Dave L', 'Doug', 'Downsy', ""ESPN (Ryan O'Hanlon's tips)"", 'Estevao', 'Giuseppe', 'Haydos', 'Jon', 'Kuba', 'Luce', 'MarcinC', 'Mikey', 'Sherram', 'Smith', 'Tamara', 'Tom (9a0)']"
BRACKET-DR_Congo,group,-0.2889260474058457,23,"['Adam B', 'Albert', 'Antoni Brdarovski', 'BlueLaGoons', 'Claude (AI)', 'Damian', 'Dan', 'Dave L', 'Doug', 'Downsy', 'Estevao', 'Giuseppe', 'Haydos', 'Kuba', 'Luce', 'MarcinC', 'Martin L', 'Mikey', 'Sherram', 'Smith', 'Tamara', 'Tom (9a0)', 'Tom (c66)']"
BRACKET-Mexico,r16,0.27291529568840545,20,"['Adam B', 'Albert', 'Antoni Brdarovski', 'Claude (AI)', 'Damian', 'Dave L', 'Doug', 'Downsy', ""ESPN (Ryan O'Hanlon's tips)"", 'Estevao', 'Giuseppe', 'Haydos', 'Jon', 'Kuba', 'Luce', 'MarcinC', 'Mikey', 'Sherram', 'Smith', 'Tom (c66)']"
GROUP-Panama-England,away,-0.2729152956884052,23,"['Adam B', 'Antoni Brdarovski', 'BlueLaGoons', 'Claude (AI)', 'Damian', 'Dan', 'Dave L', 'Doug', 'Downsy', ""ESPN (Ryan O'Hanlon's tips)"", 'Estevao', 'Giuseppe', 'Haydos', 'Jon', 'Kuba', 'Luce', 'MarcinC', 'Martin L', 'Sherram', 'Smith', 'Tamara', 'Tom (9a0)', 'Tom (c66)']"
GROUP-Ghana-Panama,draw,-0.27291529568840517,5,"['Dave L', 'Haydos', 'Jon', 'Martin L', 'Tamara']"
GROUP-Netherlands-Japan,draw,-0.27291529568840517,5,"['Dan', 'Jon', 'Martin L', 'Smith', 'Tom (9a0)']"
BRACKET-Norway,r16,0.2621982928929444,12,"['Albert', 'Claude (AI)', 'Dan', 'Dave L', 'Doug', 'Downsy', 'Jon', 'Luce', 'Martin L', 'Sherram', 'Smith', 'Tom (c66)']"
BRACKET-France,semi,-0.2558747724190212,2,"[""ESPN (Ryan O'Hanlon's tips)"", 'Mikey']"
BRACKET-Czechia,r32,-0.24303889487196145,16,"['Adam B', 'Antoni Brdarovski', 'BlueLaGoons', 'Claude (AI)', 'Dan', 'Dave L', 'Downsy', ""ESPN (Ryan O'Hanlon's tips)"", 'Jon', 'Kuba', 'MarcinC', 'Martin L', 'Mikey', 'Smith', 'Tamara', 'Tom (9a0)']"
BRACKET-Spain,third,-0.2337674474817627,10,"['Claude (AI)', 'Damian', 'Downsy', 'Giuseppe', 'Jon', 'Kuba', 'Luce', 'Sherram', 'Smith', 'Tom (9a0)']"
BRACKET-Ghana,r32,0.23068985353128107,12,"['Antoni Brdarovski', 'Claude (AI)', 'Dan', 'Doug', 'Downsy', 'Estevao', 'Giuseppe', 'Haydos', 'Kuba', 'Luce', 'MarcinC', 'Sherram']"
BRACKET-Egypt,r32,-0.22539353602480577,11,"['Adam B', 'Albert', 'Antoni Brdarovski', 'Damian', 'Giuseppe', 'Haydos', 'Jon', 'Kuba', 'Martin L', 'Mikey', 'Tom (9a0)']"
BRACKET-Bosnia_and_Herz,r32,0.2230650858533784,12,"['Adam B', 'Antoni Brdarovski', 'Dave L', 'Doug', 'Estevao', 'Jon', 'Kuba', 'Luce', 'MarcinC', 'Martin L', 'Smith', 'Tamara']"
GROUP-Bosnia_&_Herz.-Qatar,draw,-0.21908902300206645,4,"['Albert', 'Dan', 'Dave L', 'Estevao']"
BRACKET-Colombia,r16,0.2190890230020664,7,"['Dave L', 'Doug', 'Giuseppe', 'Jon', 'Luce', 'MarcinC', 'Mikey']"
GROUP-Colombia-Portugal,draw,0.21444818477220973,11,"['Adam B', 'Antoni Brdarovski', 'BlueLaGoons', 'Claude (AI)', 'Dan', 'Giuseppe', 'Jon', 'Luce', 'MarcinC', 'Smith', 'Tom (9a0)']"
BRACKET-Netherlands,quarter,0.2092971167960454,6,"['Dan', 'Dave L', 'Doug', 'Estevao', 'Mikey', 'Smith']"
GROUP-England-Ghana,home,0.20000000000000018,24,"['Adam B', 'Albert', 'Antoni Brdarovski', 'BlueLaGoons', 'Claude (AI)', 'Damian', 'Dan', 'Dave L', 'Doug', 'Downsy', ""ESPN (Ryan O'Hanlon's tips)"", 'Estevao', 'Giuseppe', 'Haydos', 'Jon', 'Kuba', 'Luce', 'MarcinC', 'Martin L', 'Mikey', 'Sherram', 'Tamara', 'Tom (9a0)', 'Tom (c66)']"
GROUP-New_Zealand-Belgium,away,-0.20000000000000018,24,"['Adam B', 'Albert', 'Antoni Brdarovski', 'BlueLaGoons', 'Claude (AI)', 'Damian', 'Dan', 'Dave L', 'Doug', 'Downsy', ""ESPN (Ryan O'Hanlon's tips)"", 'Estevao', 'Giuseppe', 'Haydos', 'Jon', 'Kuba', 'Luce', 'MarcinC', 'Martin L', 'Mikey', 'Smith', 'Tamara', 'Tom (9a0)', 'Tom (c66)']"
GROUP-Uruguay-Cape_Verde,home,0.20000000000000018,24,"['Adam B', 'Albert', 'Antoni Brdarovski', 'BlueLaGoons', 'Claude (AI)', 'Damian', 'Dan', 'Dave L', 'Doug', 'Downsy', ""ESPN (Ryan O'Hanlon's tips)"", 'Estevao', 'Giuseppe', 'Haydos', 'Jon', 'Kuba', 'Luce', 'MarcinC', 'Mikey', 'Sherram', 'Smith', 'Tamara', 'Tom (9a0)', 'Tom (c66)']"
BRACKET-Tunisia,group,-0.2,24,"['Adam B', 'Albert', 'Antoni Brdarovski', 'Claude (AI)', 'Damian', 'Dan', 'Dave L', 'Doug', 'Downsy', ""ESPN (Ryan O'Hanlon's tips)"", 'Estevao', 'Giuseppe', 'Haydos', 'Jon', 'Kuba', 'Luce', 'MarcinC', 'Martin L', 'Mikey', 'Sherram', 'Smith', 'Tamara', 'Tom (9a0)', 'Tom (c66)']"
BRACKET-Haiti,group,-0.19999999999999998,24,"['Adam B', 'Albert', 'Antoni Brdarovski', 'BlueLaGoons', 'Claude (AI)', 'Damian', 'Dan', 'Dave L', 'Doug', 'Downsy', ""ESPN (Ryan O'Hanlon's tips)"", 'Estevao', 'Giuseppe', 'Haydos', 'Jon', 'Kuba', 'Luce', 'MarcinC', 'Mikey', 'Sherram', 'Smith', 'Tamara', 'Tom (9a0)', 'Tom (c66)']"
GROUP-Ivory_Coast-Ecuador,draw,0.19999999999999998,9,"['Antoni Brdarovski', 'BlueLaGoons', 'Dan', 'Dave L', 'Haydos', 'MarcinC', 'Martin L', 'Tom (9a0)', 'Tom (c66)']"
GROUP-Argentina-Algeria,home,0.1999999999999999,24,"['Adam B', 'Albert', 'Antoni Brdarovski', 'Claude (AI)', 'Damian', 'Dan', 'Dave L', 'Doug', 'Downsy', ""ESPN (Ryan O'Hanlon's tips)"", 'Estevao', 'Giuseppe', 'Haydos', 'Jon', 'Kuba', 'Luce', 'MarcinC', 'Martin L', 'Mikey', 'Sherram', 'Smith', 'Tamara', 'Tom (9a0)', 'Tom (c66)']"
GROUP-Portugal-DR_Congo,home,0.1999999999999999,24,"['Adam B', 'Albert', 'Antoni Brdarovski', 'BlueLaGoons', 'Claude (AI)', 'Damian', 'Dan', 'Dave L', 'Doug', 'Downsy', 'Estevao', 'Giuseppe', 'Haydos', 'Jon', 'Kuba', 'Luce', 'MarcinC', 'Martin L', 'Mikey', 'Sherram', 'Smith', 'Tamara', 'Tom (9a0)', 'Tom (c66)']"
BRACKET-Brazil,quarter,-0.16327713351455944,10,"['Claude (AI)', 'Dave L', 'Doug', 'Giuseppe', 'Haydos', 'Jon', 'Kuba', 'Luce', 'MarcinC', 'Martin L']"
BRACKET-Ivory_Coast,r32,-0.1439169046338559,17,"['Adam B', 'Albert', 'Antoni Brdarovski', 'Claude (AI)', 'Dan', 'Dave L', 'Doug', 'Downsy', ""ESPN (Ryan O'Hanlon's tips)"", 'Giuseppe', 'Haydos', 'Jon', 'Luce', 'MarcinC', 'Mikey', 'Smith', 'Tom (9a0)']"
BRACKET-Argentina,semi,0.13616492320341536,4,"['Damian', 'Dan', 'Doug', 'Jon']"
GROUP-DR_Congo-Uzbekistan,draw,0.12493900951088485,15,"['Adam B', 'Albert', 'Antoni Brdarovski', 'Dave L', 'Doug', 'Estevao', 'Haydos', 'Kuba', 'Luce', 'MarcinC', 'Mikey', 'Sherram', 'Smith', 'Tom (9a0)', 'Tom (c66)']"
GROUP-Australia-Türkiye,draw,0.11389895949029989,13,"['Adam B', 'Albert', 'Claude (AI)', 'Damian', 'Doug', 'Downsy', ""ESPN (Ryan O'Hanlon's tips)"", 'Haydos', 'Kuba', 'Luce', 'MarcinC', 'Martin L', 'Tom (9a0)']"
BRACKET-Paraguay,r32,0.10898614626360159,7,"['Antoni Brdarovski', 'BlueLaGoons', 'Claude (AI)', 'Damian', ""ESPN (Ryan O'Hanlon's tips)"", 'Estevao', 'Luce']"
BRACKET-Iran,r32,0.0905668738918025,12,"['Antoni Brdarovski', 'Claude (AI)', 'Damian', 'Dave L', 'Downsy', 'Estevao', 'Giuseppe', 'Haydos', 'Martin L', 'Sherram', 'Tamara', 'Tom (9a0)']"
BRACKET-Senegal,r32,-0.08747324803779546,11,"['Adam B', 'BlueLaGoons', 'Claude (AI)', 'Doug', ""ESPN (Ryan O'Hanlon's tips)"", 'Estevao', 'Giuseppe', 'Jon', 'Kuba', 'Martin L', 'Mikey']"
BRACKET-Portugal,quarter,-0.07368255740193602,11,"['Claude (AI)', 'Dan', 'Dave L', 'Doug', 'Haydos', 'Jon', 'Luce', 'Martin L', 'Mikey', 'Smith', 'Tamara']"
BRACKET-Austria,r32,-0.07138323285809099,23,"['Adam B', 'Antoni Brdarovski', 'BlueLaGoons', 'Claude (AI)', 'Damian', 'Dan', 'Dave L', 'Doug', 'Downsy', ""ESPN (Ryan O'Hanlon's tips)"", 'Estevao', 'Giuseppe', 'Haydos', 'Kuba', 'Luce', 'MarcinC', 'Martin L', 'Mikey', 'Sherram', 'Smith', 'Tamara', 'Tom (9a0)', 'Tom (c66)']"
BRACKET-Sweden,r32,-0.04157373369783312,15,"['Albert', 'Claude (AI)', 'Damian', 'Dan', 'Dave L', ""ESPN (Ryan O'Hanlon's tips)"", 'Giuseppe', 'Haydos', 'Kuba', 'Mikey', 'Sherram', 'Smith', 'Tamara', 'Tom (9a0)', 'Tom (c66)']"
BRACKET-England,semi,0.032051180471849544,2,"['Luce', 'Tom (9a0)']"
BRACKET-Scotland,r32,-0.022770471495156812,21,"['Adam B', 'Albert', 'Antoni Brdarovski', 'Claude (AI)', 'Damian', 'Dan', 'Dave L', 'Doug', 'Downsy', ""ESPN (Ryan O'Hanlon's tips)"", 'Estevao', 'Giuseppe', 'Haydos', 'Jon', 'Kuba', 'Luce', 'MarcinC', 'Mikey', 'Smith', 'Tamara', 'Tom (9a0)']"
BRACKET-France,third,0.021675342291693905,4,"['Doug', 'Estevao', 'Tamara', 'Tom (c66)']"
BRACKET-Cape_Verde,group,0.0,25,"['Adam B', 'Albert', 'Antoni Brdarovski', 'BlueLaGoons', 'Claude (AI)', 'Damian', 'Dan', 'Dave L', 'Doug', 'Downsy', ""ESPN (Ryan O'Hanlon's tips)"", 'Estevao', 'Giuseppe', 'Haydos', 'Jon', 'Kuba', 'Luce', 'MarcinC', 'Martin L', 'Mikey', 'Sherram', 'Smith', 'Tamara', 'Tom (9a0)', 'Tom (c66)']"
BRACKET-Iraq,group,0.0,25,"['Adam B', 'Albert', 'Antoni Brdarovski', 'BlueLaGoons', 'Claude (AI)', 'Damian', 'Dan', 'Dave L', 'Doug', 'Downsy', ""ESPN (Ryan O'Hanlon's tips)"", 'Estevao', 'Giuseppe', 'Haydos', 'Jon', 'Kuba', 'Luce', 'MarcinC', 'Martin L', 'Mikey', 'Sherram', 'Smith', 'Tamara', 'Tom (9a0)', 'Tom (c66)']"
BRACKET-Uruguay,r32,0.0,25,"['Adam B', 'Albert', 'Antoni Brdarovski', 'BlueLaGoons', 'Claude (AI)', 'Damian', 'Dan', 'Dave L', 'Doug', 'Downsy', ""ESPN (Ryan O'Hanlon's tips)"", 'Estevao', 'Giuseppe', 'Haydos', 'Jon', 'Kuba', 'Luce', 'MarcinC', 'Martin L', 'Mikey', 'Sherram', 'Smith', 'Tamara', 'Tom (9a0)', 'Tom (c66)']"
GROUP-Brazil-Haiti,home,0.0,25,"['Adam B', 'Albert', 'Antoni Brdarovski', 'BlueLaGoons', 'Claude (AI)', 'Damian', 'Dan', 'Dave L', 'Doug', 'Downsy', ""ESPN (Ryan O'Hanlon's tips)"", 'Estevao', 'Giuseppe', 'Haydos', 'Jon', 'Kuba', 'Luce', 'MarcinC', 'Martin L', 'Mikey', 'Sherram', 'Smith', 'Tamara', 'Tom (9a0)', 'Tom (c66)']"
GROUP-France-Iraq,home,0.0,25,"['Adam B', 'Albert', 'Antoni Brdarovski', 'BlueLaGoons', 'Claude (AI)', 'Damian', 'Dan', 'Dave L', 'Doug', 'Downsy', ""ESPN (Ryan O'Hanlon's tips)"", 'Estevao', 'Giuseppe', 'Haydos', 'Jon', 'Kuba', 'Luce', 'MarcinC', 'Martin L', 'Mikey', 'Sherram', 'Smith', 'Tamara', 'Tom (9a0)', 'Tom (c66)']"
GROUP-Germany-Curaçao,home,0.0,25,"['Adam B', 'Albert', 'Antoni Brdarovski', 'BlueLaGoons', 'Claude (AI)', 'Damian', 'Dan', 'Dave L', 'Doug', 'Downsy', ""ESPN (Ryan O'Hanlon's tips)"", 'Estevao', 'Giuseppe', 'Haydos', 'Jon', 'Kuba', 'Luce', 'MarcinC', 'Martin L', 'Mikey', 'Sherram', 'Smith', 'Tamara', 'Tom (9a0)', 'Tom (c66)']"
GROUP-Jordan-Argentina,away,0.0,25,"['Adam B', 'Albert', 'Antoni Brdarovski', 'BlueLaGoons', 'Claude (AI)', 'Damian', 'Dan', 'Dave L', 'Doug', 'Downsy', ""ESPN (Ryan O'Hanlon's tips)"", 'Estevao', 'Giuseppe', 'Haydos', 'Jon', 'Kuba', 'Luce', 'MarcinC', 'Martin L', 'Mikey', 'Sherram', 'Smith', 'Tamara', 'Tom (9a0)', 'Tom (c66)']"
GROUP-Mexico-South_Africa,home,0.0,25,"['Adam B', 'Albert', 'Antoni Brdarovski', 'BlueLaGoons', 'Claude (AI)', 'Damian', 'Dan', 'Dave L', 'Doug', 'Downsy', ""ESPN (Ryan O'Hanlon's tips)"", 'Estevao', 'Giuseppe', 'Haydos', 'Jon', 'Kuba', 'Luce', 'MarcinC', 'Martin L', 'Mikey', 'Sherram', 'Smith', 'Tamara', 'Tom (9a0)', 'Tom (c66)']"
GROUP-Panama-Croatia,away,0.0,25,"['Adam B', 'Albert', 'Antoni Brdarovski', 'BlueLaGoons', 'Claude (AI)', 'Damian', 'Dan', 'Dave L', 'Doug', 'Downsy', ""ESPN (Ryan O'Hanlon's tips)"", 'Estevao', 'Giuseppe', 'Haydos', 'Jon', 'Kuba', 'Luce', 'MarcinC', 'Martin L', 'Mikey', 'Sherram', 'Smith', 'Tamara', 'Tom (9a0)', 'Tom (c66)']"
GROUP-Scotland-Brazil,away,0.0,25,"['Adam B', 'Albert', 'Antoni Brdarovski', 'BlueLaGoons', 'Claude (AI)', 'Damian', 'Dan', 'Dave L', 'Doug', 'Downsy', ""ESPN (Ryan O'Hanlon's tips)"", 'Estevao', 'Giuseppe', 'Haydos', 'Jon', 'Kuba', 'Luce', 'MarcinC', 'Martin L', 'Mikey', 'Sherram', 'Smith', 'Tamara', 'Tom (9a0)', 'Tom (c66)']"
GROUP-Spain-Cape_Verde,home,0.0,25,"['Adam B', 'Albert', 'Antoni Brdarovski', 'BlueLaGoons', 'Claude (AI)', 'Damian', 'Dan', 'Dave L', 'Doug', 'Downsy', ""ESPN (Ryan O'Hanlon's tips)"", 'Estevao', 'Giuseppe', 'Haydos', 'Jon', 'Kuba', 'Luce', 'MarcinC', 'Martin L', 'Mikey', 'Sherram', 'Smith', 'Tamara', 'Tom (9a0)', 'Tom (c66)']"
GROUP-Spain-Saudi_Arabia,home,0.0,25,"['Adam B', 'Albert', 'Antoni Brdarovski', 'BlueLaGoons', 'Claude (AI)', 'Damian', 'Dan', 'Dave L', 'Doug', 'Downsy', ""ESPN (Ryan O'Hanlon's tips)"", 'Estevao', 'Giuseppe', 'Haydos', 'Jon', 'Kuba', 'Luce', 'MarcinC', 'Martin L', 'Mikey', 'Sherram', 'Smith', 'Tamara', 'Tom (9a0)', 'Tom (c66)']"
